2to3-not enroll-2to3-2to3-grad-end,120
2to3-not enroll-2to3-2to3-grad-end,2
2to3-not enroll-2to3->=3->=3-end,1
2to3-not enroll-<2-end,1
2to3-not enroll->=3->=3-grad-end,1
2to3-not enroll-dropout-end,1
2to3-2to3-end,55
2to3-2to3-not enroll-not enroll-dropout-end,1
2to3-2to3-not enroll-2to3-2to3-end,2
2to3-2to3-not enroll-dropout-end,3
2to3-2to3-2to3-end,22
2to3-2to3-2to3-not enroll-2to3-end,1
2to3-2to3-2to3-2to3-end,1
2to3-2to3-2to3-2to3-2to3-end,113
2to3-2to3-2to3-2to3-<2-end,1
2to3-2to3-2to3-2to3->=3-end,7
2to3-2to3-2to3-2to3-dropout-end,15
2to3-2to3-2to3-2to3-grad-end,146
2to3-2to3-2to3-<2-dropout-end,1
2to3-2to3-2to3->=3-end,1
2to3-2to3-2to3->=3-2to3-end,3
2to3-2to3-2to3->=3->=3-end,21
2to3-2to3-2to3->=3-dropout-end,1
2to3-2to3-2to3->=3-grad-end,39
2to3-2to3-2to3-dropout-end,13
2to3-2to3-2to3-grad-end,14
2to3-2to3-<2-end,12
2to3-2to3-<2-2to3-2to3-end,1
2to3-2to3-<2-2to3-dropout-end,1
2to3-2to3-<2-<2-dropout-end,2
2to3-2to3-<2-dropout-end,1
2to3-2to3->=3-end,4
2to3-2to3->=3-2to3-end,1
2to3-2to3->=3-2to3-2to3-end,3
2to3-2to3->=3-2to3-grad-end,8
2to3-2to3->=3->=3-2to3-end,2
2to3-2to3->=3->=3->=3-end,27
2to3-2to3->=3->=3-dropout-end,1
2to3-2to3->=3->=3-grad-end,86
2to3-2to3->=3-grad-end,6
2to3-2to3-dropout-end,23
2to3-<2-end,12
2to3-<2-2to3-end,5
2to3-<2-2to3-2to3-2to3-end,4
2to3-<2-2to3-2to3-grad-end,1
2to3-<2-2to3-<2-dropout-end,1
2to3-<2-2to3-dropout-end,1
2to3-<2-<2-end,6
2to3-<2-<2-<2-<2-end,1
2to3-<2-dropout-end,6
2to3->=3-end,13
2to3->=3-2to3-end,1
2to3->=3-2to3-2to3-2to3-end,6
2to3->=3-2to3-2to3-dropout-end,1
2to3->=3-2to3-2to3-grad-end,11
2to3->=3-2to3->=3->=3-end,5
2to3->=3-2to3->=3-grad-end,5
2to3->=3-2to3-grad-end,2
2to3->=3->=3-end,11
2to3->=3->=3-2to3-2to3-end,3
2to3->=3->=3-2to3->=3-end,1
2to3->=3->=3-2to3-grad-end,7
2to3->=3->=3->=3-end,2
2to3->=3->=3->=3-2to3-end,1
2to3->=3->=3->=3->=3-end,49
2to3->=3->=3->=3-dropout-end,2
2to3->=3->=3->=3-grad-end,173
2to3->=3->=3-dropout-end,1
2to3->=3->=3-grad-end,15
2to3-dropout-end,29
<2-end,110
<2-not enroll-not enroll-not enroll-dropout-end,2
<2-not enroll-not enroll-2to3-dropout-end,1
<2-not enroll-not enroll-<2-dropout-end,2
<2-not enroll-not enroll-dropout-end,2
<2-not enroll-2to3-2to3->=3-end,1
<2-not enroll-2to3-dropout-end,1
<2-not enroll-<2-end,1
<2-not enroll-<2-2to3-dropout-end,1
<2-not enroll-<2-dropout-end,2
<2-not enroll->=3->=3->=3-end,1
<2-not enroll->=3->=3-grad-end,1
<2-not enroll-dropout-end,5
<2-2to3-end,18
<2-2to3-not enroll-2to3-dropout-end,1
<2-2to3-2to3-end,9
<2-2to3-2to3-2to3-2to3-end,26
<2-2to3-2to3-2to3->=3-end,3
<2-2to3-2to3-2to3-dropout-end,4
<2-2to3-2to3-2to3-grad-end,21
<2-2to3-2to3-<2-dropout-end,2
<2-2to3-2to3->=3->=3-end,1
<2-2to3-2to3->=3-grad-end,3
<2-2to3-2to3-dropout-end,3
<2-2to3-2to3-grad-end,2
<2-2to3-<2-end,4
<2-2to3-<2-dropout-end,2
<2-2to3->=3-2to3-2to3-end,3
<2-2to3->=3->=3->=3-end,3
<2-2to3->=3->=3-dropout-end,1
<2-2to3->=3->=3-grad-end,8
<2-2to3-dropout-end,6
<2-<2-end,30
<2-<2-not enroll-dropout-end,4
<2-<2-2to3-end,1
<2-<2-2to3-2to3-2to3-end,3
<2-<2-2to3-2to3-dropout-end,1
<2-<2-2to3-2to3-grad-end,1
<2-<2-2to3-<2-dropout-end,2
<2-<2-2to3-dropout-end,2
<2-<2-<2-end,9
<2-<2-<2-not enroll-dropout-end,1
<2-<2-dropout-end,14
<2->=3-end,3
<2->=3-2to3-2to3-end,1
<2->=3-2to3-2to3->=3-end,1
<2->=3-2to3-2to3-dropout-end,1
<2->=3-2to3->=3-grad-end,1
<2->=3->=3-end,1
<2->=3->=3-not enroll-grad-end,1
<2->=3->=3-2to3-grad-end,1
<2->=3->=3->=3->=3-end,11
<2->=3->=3->=3-grad-end,12
<2->=3->=3-grad-end,1
<2->=3-dropout-end,1
<2-dropout-end,36
>=3-end,134
>=3-not enroll-2to3-<2-dropout-end,1
>=3-not enroll-2to3->=3-grad-end,1
>=3-not enroll->=3-2to3-grad-end,1
>=3-not enroll->=3->=3->=3-end,1
>=3-not enroll->=3->=3-grad-end,5
>=3-not enroll-dropout-end,1
>=3-2to3-end,35
>=3-2to3-not enroll-2to3-grad-end,1
>=3-2to3-not enroll-dropout-end,1
>=3-2to3-2to3-end,6
>=3-2to3-2to3-2to3-2to3-end,40
>=3-2to3-2to3-2to3->=3-end,1
>=3-2to3-2to3-2to3-dropout-end,6
>=3-2to3-2to3-2to3-grad-end,52
>=3-2to3-2to3-<2-dropout-end,2
>=3-2to3-2to3->=3-2to3-end,2
>=3-2to3-2to3->=3->=3-end,9
>=3-2to3-2to3->=3-grad-end,23
>=3-2to3-2to3-dropout-end,5
>=3-2to3-2to3-grad-end,3
>=3-2to3-<2-end,1
>=3-2to3-<2-not enroll-dropout-end,1
>=3-2to3-<2-2to3-2to3-end,1
>=3-2to3-<2-dropout-end,1
>=3-2to3->=3-end,2
>=3-2to3->=3-2to3-2to3-end,3
>=3-2to3->=3-2to3-grad-end,3
>=3-2to3->=3->=3->=3-end,17
>=3-2to3->=3->=3-dropout-end,2
>=3-2to3->=3->=3-grad-end,50
>=3-2to3->=3-grad-end,2
>=3-2to3-dropout-end,7
>=3-<2-end,2
>=3-<2-2to3-2to3-2to3-end,2
>=3-<2-2to3-<2-dropout-end,1
>=3->=3-end,77
>=3->=3-not enroll->=3->=3-end,2
>=3->=3-not enroll->=3-grad-end,3
>=3->=3-not enroll-grad-end,1
>=3->=3-2to3-end,8
>=3->=3-2to3-not enroll-2to3-end,1
>=3->=3-2to3-2to3-2to3-end,19
>=3->=3-2to3-2to3->=3-end,1
>=3->=3-2to3-2to3-dropout-end,2
>=3->=3-2to3-2to3-grad-end,22
>=3->=3-2to3->=3->=3-end,7
>=3->=3-2to3->=3-dropout-end,1
>=3->=3-2to3->=3-grad-end,20
>=3->=3-2to3-dropout-end,4
>=3->=3-2to3-grad-end,8
>=3->=3->=3-end,128
>=3->=3->=3-not enroll->=3-end,2
>=3->=3->=3-not enroll-grad-end,1
>=3->=3->=3-2to3-end,1
>=3->=3->=3-2to3-2to3-end,11
>=3->=3->=3-2to3->=3-end,1
>=3->=3->=3-2to3-dropout-end,3
>=3->=3->=3-2to3-grad-end,14
>=3->=3->=3->=3-end,13
>=3->=3->=3->=3-2to3-end,1
>=3->=3->=3->=3->=3-end,346
>=3->=3->=3->=3-dropout-end,19
>=3->=3->=3->=3-grad-end,1947
>=3->=3->=3-dropout-end,7
>=3->=3->=3-grad-end,175
>=3->=3-dropout-end,9
>=3->=3-grad-end,6
>=3-dropout-end,37
dropout-end,173
